url,img_src,pre_text,p_text
https://modai.fashion/pdp/Ddb9,https://modai.teh-1.s3.poshtiban.com/shops/kif_parvaneh/4bIsA95S4do/images/1440_1800_4bIszQaqruH_md.webp,"๐ชดฺฉู ุฑุงุฌุงุฑ ๐ชด

 ๐บูุฏู ฺฉู ุงุณูุงุฏ ุขุฎุฑ ๐บ

โ๏ธ ูุดุฎุตุงุช ฺฉู

๐ุงุจุนุงุฏ : ฒฐ ุฏุฑ ฑต

๐ููุช : ถฑธ ุชููุงู 
=========================

๐บุชูุงู ุนฺฉุณ ูุง ุจุง ููุจุงู ฺฏุฑูุชู 
ูโุดูุฏ ู ุนฺฉุณ ฺูุฑูุงู ูุฏุงุฑู ๐บ

=========================
๐ฆ ูุฒูู ุงุฑุณุงู ตฐ ุชููุงู ๐ฆ

โ๏ธุงุฑุณุงู ุจุง ูพุณุช ู ุชูพุงฺฉุณ โ๏ธ
=========================
โฐุฒูุงู ุชุญูู : 
ุชูุฑุงู ฑ ุชุง ณ ุฑูุฒ ฺฉุงุฑ 
ุดูุฑุณุชุงู ณ ุชุง ต ุฑูุฒ ฺฉุงุฑ 
==========================
@eynak_parvaneh 
@kif_parvaneh
==========================
#ฺฉู_ุฌุฏุฏ #ฺฉู_ุฏุฎุชุฑุงูู #ฺฉู_ุฎุงุต #ฺฉู_ุงุณูพุฑุช #ฺฉู_ฺฉูุด #ฺฉู_ุชุฑูุฏ #ฺฉู_ุฒูุงูู #ฺฉู_ุฏูุด #ฺฉู_ุนูุฏู",kif_parvaneh
https://modai.fashion/pdp/DeJV,https://modai.teh-1.s3.poshtiban.com/shops/kifokafsh_shiko3/4bIphaPKyTQ/images/1440_1800_4bIpgQPjyPg_md.webp,"ุซุจุช ุณูุงุฑุด ุณุฑุน ุฏุฑ ุณุงุช 

shikoset.com

โ๏ธโ๏ธุชู ุณุงุช ุณุฑฺ ฺฉูุฏ : ุดฺฉูุณุชโ๏ธโ๏ธ

ุข***ฺฏ ุฎูุดฺฏูููู ุจุง ด ุฑูฺฏ ุจุณุงุฑ ฺฉุงุฑุจุฑุฏ

 ุจุงฺฉูุช ู ุณุจฺฉ ู ุฑุงุญุช 
ุฏุงุฎู ุฎุฒ 
 
ฺฉุฏ ฺฉูุด ุฏุฑ ุณุงุช ฑนณท

ฺฉูุด ธนธ/ฐฐฐ ุชููุงู

ุณุงุฒุจูุฏ ณท ุชุง ดฐ
ูุงูุจ ุงุณุชุงูุฏุงุฑุฏ 
ูฺ ณ ุณุงูุช 

ุงุฑุณุงู ุฑุงฺฏุงู ุจุง ูพุณุช ๐๐๐
ุงุฑุณุงู ุชูพุงฺฉุณ ุจู ุนูุฏู ูุดุชุฑ
ุงุฑุณุงู ุจุง ุงุณููพ ุจู ุนูุฏู ูุดุชุฑ

ุทุฑูู ุณูุงุฑุด 
ุณุงุช 
shikoset.com
ูุงุช*ุณุงูพ 

ฐนณนทถถฒตณน
ฐนณนทถถฒตตธ

__________________________
ูุทูุง ุดูุงุฑู ูุง ุจุงูุงุฑู ุญุชูุง ุณู ฺฉูุฏ 

ุฎุฑุฏ ุนูุฏู ูุงุชุณุงูพ
ฐนณตถถธตดตฒ

ฺฉูพ ุงุฒ ุนฺฉุณุง ููููุน
__________________________

@shiko.off ูพุฌ ุขู
@shikoset.co ูพุฌ ฺฉู
@kifokafsh_shiko5 ูพุฌ ุฏูู ฺฉูุด",kifokafsh_shiko3
https://modai.fashion/pdp/DezW,https://modai.teh-1.s3.poshtiban.com/shops/boutique_hotly/4bL1Voq93oi/images/1440_1799_4bL1VfaKVeC_md.webp,"ุณุช ูพููุฑุดููุงุฑฺฉุงุฑฺฏูโ๏ธ
ฺฉุฏฺฉุงูุง ฑฐดฐฐณฒถท
ุฌูุณ ุจุงูุช ูุทู
ูุฏ ูพููุฑตฑ/ุดููุงุฑฑฑถ
ูุฑ ุณุงุฒ ณถุชุงดด
ุฑุงูููุง ุณุงุฒ ุฏุงุฎู ุณุงุช๐
ู-ูุช:ตนนฐฐฐ
ููุฌูุฏ ุฏุฑ ูุฑูุดฺฏุงู ู ุณุงุช ูุงุชู๐๐
ุซุจุช ุณูุงุฑุด ุงุฒ ุทุฑู ุณุงุช
www.hotlymall.com",boutique_hotly
https://modai.fashion/pdp/DebQ,https://modai.teh-1.s3.poshtiban.com/shops/set._.land/4bIyoDczgsO/images/1440_1800_4bIyofF03a4_md.webp,"๐ฺฉุงูฺฉุดู ูพุงุฒู๐

๐ุซุจุช ุณูุงุฑุด ุงุฒ ุณุงุช(ููฺฉ ุณุงุช ุจู)๐
โุฏุงุฑฺฉุช ูพุงุณุฎุฏู ูุฏุงุฑูโ

๐ฺฉุช ููุชุฑ ุนุฑูุณฺฉ ูพฺุงุฒ๐
ุงุฑุณุงู ุงู ูุญุตูู ุจุง ฺูุฏ ุฑูุฒ ุชุงุฎุฑ ูุจุงุดุฏ.
ฺฉุฏ ุฌุณุชโูุฌู : ฑถถฒดฒ
ูุฑ ุณุงุฒ ณถุชุงดฒ
ููุชุฑ/ูพุดู๐
ูุฏ ถต
ููุช : ดนธโญ๏ธ

๐ุจุด ุงุฒ ฑฐฐ ูุฏู ูุชููุน ฺฉูุงู ุฏุงุฎู ุณุงุช (ูุณูุช ูุฑูุดฺฏุงู ฺฉูุงู)

ูพุฌ ฺฉูุงู๐งข: @sport.land.ir
ูพุฌ ูุจุงุณ๐ : @set._.land
ูพุฌ ุดููุงุฑ๐ : @setland.vip
โโโโโโโโโโโโโโโโโโ
๐บุงุนูุงู ุดุงุฑฺ ูุฌุฏุฏฺฉุงุฑูุง ุุงููุงุฑ ุงุฌูุงุณ ููุฌูุฏ ููุท ุฏุฑ ุงุณุชูุฑ
. 
๐ปฺฉุงุฑ ูุง ุจู ุฏูู ุนฺฉุณุจุฑุฏุงุฑ ุจุง ฺฏูุด ููฺฉูู ุจุง ฺฉ ุฏุฑุฌู ุงุฎุชูุงู ุฑูฺฏ ุจุงุดู๐๐ป
.
.
๐บุซุจุช ุณูุงุฑุด ุณุฑุน ู ฒด ุณุงุนุชู ููุท ุงุฒ ุทุฑู 
ุณุงุช

 (ููฺฉ ุณุงุช ุฏุฑ ุจู ูพุฌ ุฏุฑุฌ ุดุฏู) set-land.ir

๐ุณุณุชู ูุฑูุด ุงูููุงู๐ฑู ุญุถูุฑ๐ข
.
.
โูุฑฺฏูููโฺฉูพโุจุฑุฏุงุฑ ุงุฒ ุนฺฉุณโูุง ูพฺฏุฑุฏโูุงููู ุฏุงุฑุฏโ

#ฺฉุชุดููุงุฑ #ฺฉุช_ุฏุฎุชุฑุงูู #ูุงูุชู #ฺฉุช_ุดููุงุฑ #ุดููุฒ 
 #ูุงูุชูฺฉุช #ุดููุงุฑ_ุณุงุญู #ุดููุงุฑ #ูุงูุชู_ุจูุงุฑู",set._.land
https://modai.fashion/pdp/Deif,https://modai.teh-1.s3.poshtiban.com/shops/msis_omde/4bKSEz85Qtw/images/1440_1800_4bKSEoJb2ES_md.webp,"๐ูุงูฺฏ ุขุณุชู ุจููุฏ ุฏูุฑุณ๐

๐ด ุทุฑุญ ูฺฉุณ โ๏ธ
๐ ููุน ูพุงุฑฺู : ูพูุจู ุณููพุฑ 

๐ ุนุฑุถ ุณูู : ถณ ุณุงูุชูุชุฑ
๐ ูุฏ : ทต ุณุงูุชูุชุฑ
๐ ุณุงุฒ : ( Freeณธ-ดธ)
๐ ุฑูฺฏุจูุฏ : ุชฺฉ ุฑูฺฏ ูุฑูุฒ
๐ ุชุนุฏุงุฏ ูพฺฉ: ดุนุฏุฏ

๐ฅ ููุช : ฒณฐุชููุงู ๐ฅ
ุซุจุช ุณูุงุฑุด :
@msis_omde 
ุชูุงุณ :ฐนฒฒฑฐฑทฐนน ุจุฏุฑ 

#ูุงูฺฏ #ูุงูฺฏ_ุฏูุฑุณ #ุฏูุฑุณ #ุชุดุฑุช #ุจููุฒุฏูุฑุณ #ุจููุฒูุฌูุณ",msis_omde
https://modai.fashion/pdp/DdDV,https://modai.teh-1.s3.poshtiban.com/shops/kolah._.store/4bIlJFZbdQa/images/1242_1548_4bIlJn4im4r_md.webp,"ุณูุงู ุจู ุฑูู ูุงูุชูู๐ค
ุงูุดุจ ูู ุขูุฏู ุจุง ู ฺฉุงุฑู ุฎููู ุฏฺฏู ูพุณ ุจุฑู ฺฉู ุจุชุฑฺฉููู ๐คฉ๐ฅ
ุฌูุฑุงุจ ุดููุงุฑ๐
ูุฏู:ุณู ุจุนุฏ๐ฅ
ููุช ุชฺฉ : 398ูุฒุงุฑุชููุงู ๐ณ๐ฑ
ุฏูุณุชุงู ู ุชูุถุญ ูุฎุชุตุฑ ุฑุงุฌุจู ุงู ูุญุตูู ุจ ูุธุฑ ุจุฏู ุฎุฏูุชุชูู ุฑูฺฏู ุงู ฺฉุงุฑ ูุดฺฉ ูุณุชุด ฺฉู ุฏุงุฎูุด ุฎุฒู ฺฉุฑู ฺฉุงุฑ ุดุฏู ู ูุฏูู ุฏูุฎุชุด ุจู ุทูุฑู ฺฉู ููุช ฺฉุงุฑู ููพูุดู ุชุฑฺฉุจู ุฑูฺฏู ูุดฺฉ ู ฺฉุฑู ุจุงูู ูุงุท ูุดู ู ููู ุจุงุนุซ ูุดู ฺฉู ุงู ูุฏู ุฌุฒ ฺฉุงุฑุง ูพุฑุทุฑูุฏุงุฑู ุงูุณุงู ุจุงุดู๐
ุฏุฑ ุฏู ุณุงุฒ:
XL:36__40
XXL:42__48
ฺฉุดุณุงู ููู ุงูุนุงุฏู๐๐ฝ
ุฌูุณ : ูพุงุฑฺู  ุฏุงุฎู ุฎุฒ๐จ๐ณ
ฺฉูุช ุชุถูู ๐ฏ
ูุงุจู ุดุณุชุดู ุจุง ูุฑ ุฏูุง ุขุจ๐
ูุฑู ุจุฒูุฏ ุชุง ุฌุฒุฆุงุช ฺฉุงุฑู ุจูุชุฑ ุจุจูุฏ ๐ฑ
ุงุณูุงุฏ 8 ู 9 ฺฉููพ ุงุฒ ูุญุตูู ู ุชู ุฎูุฑุด ูุณุชุด๐ฅ
ููุช ุนูุฏู:ุฏุงุฑฺฉุช ๐ฉ
โโโโโโโโโโโโโโโโ
ุงุฌูุงุณ ูุง ุฑุง ุจุง ฺฉุงูุงูุง ุจ ฺฉูุช ููุงุณู ูฺฉูุฏ ๐ซ
ุงุฑุณุงู ุจู ุณุฑุงุณุฑ ฺฉุดูุฑ๐ฆ๐ฎ๐ซ
โโโโโโโโโโโโโโโโโ
ุฏุฑ ุงู ูพุฌ ููุท ุฌูุณ ุจุฑูุฒ ู ุจุง ฺฉูุช ูุจุงุดุฏ ุณูุฏ ฺฉู ู ุฑุถุงุช ูุดุชุฑ ุงูููุช ูุงุณุช๐ฏ
โโโโโโโโโโโโโโโโโ
ุงุฑุณุงู ุจุง ูพุณุช ูพุดุชุงุฒ 45ูุฒุงุฑุชููุงู 
ฺฉุฑุฌ_ูุฑุฏุณ_ุจู ููฺฉู ุงูู ู ุฏูู ูุจุด ุฎุงุจุงู 10ุดุฑู ุฌุฏุฏ ูุฌุชูุน ุชุฌุงุฑ ูพุฏุฑ ุทุจูู(+1) ูพูุงฺฉ 208
๐ธ๏ธุฌูุช ุฎุฑุฏ ุญุถูุฑ ๐
ุงุฒ ุณุงุนุช 10ุตุจุญ ุชุง 10ุดุจ ุฏุฑ ุฎุฏูุชุชููู โค๐
โโโโโโโโโโโโโโโโโ
ุฌูุช ุณูุงุฑุด ู ุงุณุชุนูุงู ููุฌูุฏ ุจู ุฏุงุฑฺฉุช ูุฑุงุฌุนู ููุงุฏ.
ููููู ุงุฒ ุงุนุชูุงุฏุชูู ๐๐ฝโค๏ธ
๐๐ฉ:09363361648
โโโโโโโโโโโโโโโโ
#ุฌูุฑุงุจ_ุดููุงุฑ #ุฌูุฑุงุจ_ุดููุงุฑ_ูพูุช #ุฌูุฑุงุจ_ุดููุงุฑ_ุจฺฺฏุงูู #ุฌูุฑุงุจ_ุดููุงุฑ_ฺฏูุฏู #ุฌูุฑุงุจ_ุดููุงุฑ_ุนูุฏู #ุฌูุฑุงุจ_ุดููุงุฑ_ุถุฎู #ุฌูุฑุงุจ_ุดููุงุฑ_ุฒูุงูู #ุฌูุฑุงุจ_ุดููุงุฑ_ุจุงูุช #ุฌูุฑุงุจ_ุดููุงุฑ_ุฏุงุฎู_ุฎุฒ#ุฌูุฑุงุจ_ุดููุงุฑ_ุณู_ุจุนุฏ",kolah._.store
https://modai.fashion/pdp/Dewn,https://modai.teh-1.s3.poshtiban.com/shops/ziba__kids/4bKygQ3HRbF/images/1440_1800_4bKygxxeY8M_md.webp,"๐ธุฏูุฑุณ ุชูุงู ฺุงูพ ฺฏู๐ธ

ุฌูุณ ุฏูุฑุณ ุฏุงุฎู ฺฉุฑฺฉ ุจุณุงุฑ ูุทู ู ูุฑู
ุฏูุฎุช ู ฺฉูุช ุนุงู๐๐ป

๐ฑุณุงุฒุจูุฏ

ูุฏ ุขุณุชู ุงุฒ ฺฉูุงุฑ ูู ููุดุชู ุดุฏู

ุณุงุฒฒ:ุนุฑุถ ุณููณถ/ูุฏูุจุงุณณน/ูุฏุขุณุชูณน

ุณุงุฒณ:ุนุฑุถ ุณููณธ/ูุฏูุจุงุณดฑ/ูุฏุขุณุชูดณ

ุณุงุฒด:ุนุฑุถ ุณููณน/ูุฏูุจุงุณดฒ/ูุฏุขุณุชูดด

ุณุงุฒต:ุนุฑุถ ุณููดฐ/ูุฏูุจุงุณดต/ูุฏุขุณุชูดท

ุณุงุฒถ:ุนุฑุถ ุณููดฒ/ูุฏูุจุงุณดถ/ูุฏุขุณุชูดท

ุณุงุฒท:ุนุฑุถ ุณููดณ/ูุฏูุจุงุณดน/ูุฏุขุณุชูตฒ

ุณุงุฒธ:ุนุฑุถ ุณููดต/ูุฏูุจุงุณตฑ/ูุฏุขุณุชูตท

ุณุงุฒน:ุนุฑุถ ุณููดท/ูุฏูุจุงุณตณ/ูุฏุขุณุชูถฐ

ุณุงุฒฑฐ:ุนุฑุถ ุณููดธ/ูุฏูุจุงุณตด/ูุฏุขุณุชูถฑ

ุณุงุฒฑฑ:ุนุฑุถ ุณููดน/ูุฏูุจุงุณตท/ูุฏุขุณุชูถต

ููุช ุฏูุฑุณ:ตดณ

ุซุจุช ุณูุงุฑุด ุงุฒ ุทุฑู ุณุงุช ู ุฏุงุฑฺฉุช๐๏ธ(ุงูููุช ุณุงุชู)
ุณุจุฏ ุฎุฑุฏู ุฏุงุฑู 

#ุณุช_ุจฺฺฏุงูู #ูุจุงุณ_ุจฺู #ูุจุงุณ_ุจฺฺฏุงูู #ูุจุงุณ_ฺฉูุฏฺฉ_ุดฺฉ #ูุจุงุณ_ฺฉูุฏฺฉ #ุฏูุฑุณ_ุจฺฺฏุงูู #ุดููุงุฑุจฺฺฏุงูู #ุฏูุฑุณ_ุชูฺฉุฑฺฉ",ziba__kids
https://modai.fashion/pdp/DeYB,https://modai.teh-1.s3.poshtiban.com/shops/grizzly.shap/4bIlg4rN3e7/images/1440_1440_4bIlfQm5pDS_md.webp,"ุจุงุดู ุฎูุดุฑูฺฏู ุฎุฑุณ๐๐ป

๐ุณุงุฒ:L
๐ูุฏ:61
๐ุนุฑุถ ุณูู:67
๐ุนุฑุถ ุดููู:72
๐ุทูู ุงุณุชู:43
๐๏ธููุช ุจุง ุงุฑุณุงู ุฑุงฺฏุงู530t๐๏ธ

๐|ุซุจุช ุณูุงุฑุด ุงุฒ ุทุฑู ุฏุงุฑฺฉุช๐ฌ
๐|ุงุฑุณุงู ุฑุงฺฏุงู ุจู ุณุฑุงุณุฑฺฉุดูุฑ๐
๐|ุจุนุฏ ุซุจุช ุณูุงุฑุด 4ุงู8ุฑูุฒ ฺฉุงุฑ ูุฑุณู ุฏุณุชุชูู๐ฆ
๐|ุงุฒ ูุฑ ฺฉุงุฑ ุฏููู ููุฌูุฏ ุฑูู๐
๐|ฺฉุงุฑ ูุง ุชูฺฉฺฉ ุฌูุณุช ูุฏุงุฑู ู ูู ููุงุณุจ ุฏุฎุชุฑุง ู ูู ูพุณุฑุงุณุช๐

#ุจุงูุช #ุจุงูุชู_ูุงูุชุฒ #ุฏูุฑุณ #ุฏูุฑุณ_ุจุงูุช #ุฏูุฑุณ_ูุฑุฏุงูู #ููุฏ #ููุฏ_ุงูุฑุฌูุงู #ููุฏ_ุงุณูพุฑุช #ุฏูุฑุณ_ูุงุฑุฏุงุช #ููุฏ_ูุงุฑุฏุงุช",grizzly.shap
